Service Page,Keyword,Impressions,Source
Branding,branding agency,5440,research
Branding,brand design studio,1557,research
Branding,brand design agency,1403,research
Branding,digital brand design,738,research
Branding,branding company services,460,research
Branding,branding agency london,293,research
Digital Product Design,digital brand design,3593,research
Digital Product Design,digital product agencies,1741,research
Digital Product Design,digital product design agency,281,research
Digital Product Design,digital product design,229,research
Digital Product Design,digital product design services,173,research
Digital Product Design,digital product development agency,133,research
UI & UX,UX design,5477,research
UI & UX,ui ux designer,1257,research
UI & UX,user experience design company,1187,research
UI & UX,user interface design,1125,research
UI & UX,ui and ux design,1013,research
UI & UX,ux designer website,407,research
UI & UX,UX design agency,297,research
UI & UX,ux agency,178,research
Web Design,website designer london,6211,research
Web Design,ecommerce website designer,4557,research
Web Design,website design agency london,2801,research
Web Design,best web developers,2059,research
Web Design,website developer london,1551,research
Web Design,bespoke web design services,1419,research
Web Design,website building agency,1346,research
Web Design,website designers,1077,research
Retainer,design retainer services,,suggested
Retainer,ongoing design support,,suggested
Retainer,design subscription agency,,suggested
Retainer,monthly design retainer,,suggested
Retainer,retained design agency,,suggested
Retainer,design on retainer,,suggested
App Design,app design agency,,suggested
App Design,mobile app designers,,suggested
App Design,iOS app design,,suggested
App Design,Android app design,,suggested
App Design,app UI design,,suggested
App Design,mobile app design agency london,,suggested
AI Design,AI design services,,suggested
AI Design,AI-powered design,,suggested
AI Design,generative AI design,,suggested
AI Design,Midjourney design agency,,suggested
AI Design,AI creative agency,,suggested
AI Design,AI-assisted design,,suggested
Web Development,web development agency,,suggested
Web Development,website development london,,suggested
Web Development,custom web development,,suggested
Web Development,full stack development agency,,suggested
Web Development,web app development,,suggested
Web Development,frontend development agency,,suggested
Animated Video Production,animated video production,,suggested
Animated Video Production,explainer video agency,,suggested
Animated Video Production,motion graphics agency,,suggested
Animated Video Production,animation studio london,,suggested
Animated Video Production,brand video production,,suggested
Animated Video Production,corporate animation,,suggested
Graphic Design,graphic design agency,,suggested
Graphic Design,graphic designers london,,suggested
Graphic Design,visual design agency,,suggested
Graphic Design,brand graphic design,,suggested
Graphic Design,digital graphic design,,suggested
Graphic Design,graphic design studio,,suggested
